word,ko,zh_Hans,etym_zh_Hans,pron,ant,syn,etym,en,pof,example,pof_ko,example_ko
tempestuous,(ê°ì •ì´) ì—´ë ¬í•œ[ê²©ì •ì ì¸],,,/tÉ›mËˆpÉ›stjÊŠÉ™s/,,,"From Middle English tempestuous, tempestious, variants of tempestous, from Old French tempesteus, tempestos, tempestuose, from Latin tempestuÅsus, equivalent to tempest +â€ -uous.
","If you describe a relationship or a situation as tempestuous, you mean that very strong and intense emotions, especially anger, are involved.",[ADJ],"For years, the couple's tempestuous relationship made the headlines",[í˜•ìš©ì‚¬],a tempestuous relationship
placid,(ì‰½ê²Œ ë™ìš”í•˜ê±°ë‚˜ ì§œì¦ë‚´ì§€ ì•Šê³ ) ì°¨ë¶„í•œ[ì–Œì „í•œ],,,/ËˆplasÉªd/,,,"From French placide, from Latin placidus (â€œpeaceful, calm, placidâ€), from placeÅ (â€œplease, satisfyâ€).
","A placid person or animal is calm and does not easily become excited, angry, or upset.",[ADJ],She was a placid child who rarely cried,[í˜•ìš©ì‚¬],a placid baby / horse
mercurial,ë³€ë•ìŠ¤ëŸ¬ìš´,,,/mÉ™ËËˆkjÊŠÉ™rÉªÉ™l/,,,"The annual mercury (Mercurialis annua), one of the varieties of mercurial (noun sense 1)A sample of a mercurial (noun sense 3), in this case a compound with the molecular formula Ag2HgI4An 18th-century jar used for storing mercurials (noun sense 4) in the form of pills[n 1]","If you describe someone as mercurial, you mean that they frequently change their mind or mood without warning.",[ADJ],his mercurial temperament.,[í˜•ìš©ì‚¬],Emilyâ€™s mercurial temperament made her difficult to live with.
pliant,"ë‚˜ê¸‹ë‚˜ê¸‹í•œ, ì–Œì „í•œ",,,/ËˆplÊŒÉªÉ™nt/,,,"From Old French ploiant[1], present participle of ploiier (â€œto foldâ€).
",A pliant person can be easily influenced and controlled by other people.,[ADJ],"She's proud and stubborn, you know, under that pliant exterior.",[í˜•ìš©ì‚¬],her pliant body
frenetic,"ì •ì‹ ì—†ì´ ë°”ì˜ê²Œ ëŒì•„ê°€ëŠ”, ë¶€ì‚°í•œ",,,/frÉ™ËˆnÉ›tÉªk/,,,"From Old French frenetike, from Latin phreneticus, from Ancient Greek Ï†ÏÎµÎ½Î·Ï„Î¹ÎºÏŒÏ‚ (phrenÄ“tikÃ³s, â€œdeliriousâ€), from Ï†ÏÎµÎ½á¿–Ï„Î¹Ï‚ (phrenÃ®tis, â€œdeliriumâ€), from Ï†ÏÎ®Î½ (phrá¸—n, â€œmindâ€). Compare frantic.
","If you describe an activity as frenetic, you mean that it is fast and energetic, but rather uncontrolled.",[ADJ],the frenetic pace of life in New York,[í˜•ìš©ì‚¬],a scene of frenetic activity
instigate,(ë³´í†µ ê³µì‹ì ìœ¼ë¡œ) ì‹¤ì‹œ[ì°©ìˆ˜]í•˜ê²Œ í•˜ë‹¤,,,/ËˆÉªnstÉªÉ¡eÉªt/,,,"From the Latin Ä«nstÄ«gÄtus, past participle of Ä«nstÄ«gÄre (â€œto instigateâ€), from prefix in- (â€œinâ€) + *stigare, akin to stinguere (â€œpush, goadâ€). Akin to German stechen (â€œto prickâ€), English stick.
",Someone who instigates an event causes it to happen.,[VERB],Jenkinson instigated a refurbishment of the old gallery,[ë™ì‚¬],The government has instigated a programme of economic reform.
arrogate," ì‚¬ì¹­í•˜ë‹¤;  íš¡íƒˆ(æ©«å¥ª)í•˜ë‹¤(usurp), ì¹¨í•´í•˜ë‹¤",,,/ËˆarÉ™É¡eÉªt/,,,"From Latin arrogÄtus, perfect passive participle of adrogÅ, arrogÅ (â€œask of, adopt, appropriate, assumeâ€), from ad (â€œtoâ€) + rogÅ (â€œaskâ€).[1]
","If someone arrogates to themselves something such as a responsibility or privilege, they claim or take it even though they have no right to do so.",[VERB],The assembly arrogated to itself the right to make changes,[íƒ€ë™ì‚¬],arrogate  a person's rights
eschew,"í”¼í•˜ë‹¤, ì‚¼ê°€ë‹¤",,,/ÉªsËˆtÊƒuË/,,,"From Middle English eschewen, from Anglo-Norman eschiver (Modern French esquiver), (third-person present eschiu), from Frankish *sciuhan (â€œto dread, shun, avoidâ€), from Proto-Germanic *skiuhwijanÄ… (â€œto frightenâ€). Cognate with Old High German sciuhen (â€œto frighten offâ€), German scheuen (â€œeschewâ€) (German scheuchen (â€œshooâ€)), and Spanish esquivar. More at shy.
","If you eschew something, you deliberately avoid doing it or becoming involved in it.",[VERB],"Although he appeared to enjoy a jet-setting life, he eschewed publicity and avoided nightclubs.",[ë™ì‚¬],
inter,(ì£½ì€ ì‚¬ëŒì„) ë§¤ì¥í•˜ë‹¤,,,/ÉªnËˆtÉ™Ë/,,,"From Middle English enteren, borrowed from Old French enterrer, enterer, from Vulgar Latin *interrÄre (â€œto put in earthâ€).
","When a dead person is interred, they are buried.",[VERB],the spot where his bones were originally interred.,[ë™ì‚¬],interface
imbue,(ê°•í•œ ê°ì •Â·ì˜ê²¬Â·ê°€ì¹˜ë¥¼) ê°€ë“ ì±„ìš°ë‹¤,,,/ÉªmËˆbjuË/,,,"From Latin imbuÅ (â€œwet, moistenâ€).
","If someone or something is imbued with an idea, feeling, or quality, they become filled with it.",[VERB],"As you listen, you notice how every single word is imbued with a breathless sense of wonder.",[ë™ì‚¬],Her voice was imbued with an unusual seriousness.
exorbitant,"ê³¼ë„í•œ, ì§€ë‚˜ì¹œ",,,/ÉªÉ¡ËˆzÉ”ËbÉªt(É™)nt/,,,"From the Late Latin exorbitÄns, the present active participle of exorbitÅ (â€œI go out of the trackâ€), from ex (â€œoutâ€) + orbita (â€œwheel-trackâ€); see orbit. Compare the French exorbitant.
","If you describe something such as a price or fee as exorbitant, you are emphasizing that it is much greater than it should be.",[ADJ],Exorbitant housing prices have created an acute shortage of affordable housing for the poor.,[í˜•ìš©ì‚¬],exorbitant costs/fares/fees/prices/rents
fathom,(ì˜ë¯¸ ë“±ì„) í—¤ì•„ë¦¬ë‹¤[ê°€ëŠ í•˜ë‹¤],,,/ËˆfaÃ°(É™)m/,,,"From Middle English fathome, fadome, from Old English fÃ¦Ã¾m, fÃ¦Ã¾me (â€œoutstretched or encircling arms, embrace, grasp, protection, interior, bosom, lap, breast, womb, fathom, cubit, power, expanse, surfaceâ€), from Proto-Germanic *faÃ¾maz (â€œembraceâ€), from Proto-Indo-European *pet- (â€œto spread out, extendâ€). Cognate with Low German fadem, faem (â€œa cubit, threadâ€), Dutch vadem, vaam (â€œfathomâ€), German Faden (â€œthread, filament, fathomâ€), Danish favn (â€œembrace, fathomâ€), Norwegian BokmÃ¥l favn (â€œembrace, fathomâ€), Swedish famn (â€œthe arms, bosom, embraceâ€), Icelandic faÃ°mur (â€œembraceâ€), Latin pateÅ, Ancient Greek Ï€ÎµÏ„Î¬Î½Î½Ï…Î¼Î¹ (petÃ¡nnumi), Ancient Greek Ï€Î­Ï„Î±Î»Î¿Ï‚ (pÃ©talos) [whence English petal].
","A fathom is a measurement of 1.8 metres or 6 feet, used when referring to the depth of water.",[NOUN],We sailed into the bay and dropped anchor in five fathoms of water.,[ë™ì‚¬],[VN] It is hard to fathom the pain felt at the death of a child.
floundering,"ë²„ë‘¥ê±°ë¦¬ëŠ”, ëª¸ë¶€ë¦¼ì¹˜ëŠ”",,,,,,,"If something is floundering, it has many problems and may soon fail completely.",[VERB],What a pity that his career was left to flounder,,[V] His abrupt change of subject left her floundering helplessly.
apogee,"ì •ì , ì ˆì •",,,/ËˆapÉ™dÊ’iË/,,,"From French apogÃ©e, from Latin apogaeum, apogeum, from Ancient Greek á¼€Ï€ÏŒÎ³ÎµÎ¹Î¿Î½ (apÃ³geion, â€œaway from Earthâ€), from á¼€Ï€ÏŒ (apÃ³, â€œawayâ€) + Î³á¿† (gÃª, â€œEarthâ€).
",The apogee of something such as a culture or a business is its highest or its greatest point.,[NOUN],,[ëª…ì‚¬],
epiphany,[the E~] (ë™ë°©ì˜ ì„¸ ë°•ì‚¬ì˜ ë² ë“¤ë ˆí—´ ë‚´ë°©ì´ ìƒì§•í•˜ëŠ”) ì˜ˆìˆ˜ ê³µí˜„,,,/ÉªËˆpÉªf(É™)ni/,,,"From Old French epyphanie, from Late Latin epiphania, from Ancient Greek á¼Ï€Î¹Ï†Î¬Î½ÎµÎ¹Î± (epiphÃ¡neia, â€œmanifestation, striking appearanceâ€), from á¼Ï€Î¹Ï†Î±Î¯Î½Ï‰ (epiphaÃ­nÅ, â€œI appear, displayâ€), from á¼Ï€Î¯ (epÃ­, â€œuponâ€) + Ï†Î±Î¯Î½Ï‰ (phaÃ­nÅ, â€œI shine, appearâ€). English Epiphany (of Christ) since the 14th century, generic use since the 17th century.
",Epiphany is a Christian festival on the 6th of January which celebrates the arrival of the wise men who came to see Jesus Christ soon after he was born.,[NOUN],,[ëª…ì‚¬],
impasse,êµì°© ìƒíƒœ,,,/amËˆpÉ‘Ës/,,,"[1851] Borrowed from French impasse, from French in- + passer.
","If people are in a difficult position in which it is impossible to make any progress, you can refer to the situation as an impasse.",[NOUN],The company says it has reached an impasse in negotiations with the union.,[ëª…ì‚¬],to break/end the impasse
capitulate,(ì˜¤ë«ë™ì•ˆ ê±°ë¶€í•˜ë˜ ê²ƒì—) êµ´ë³µí•˜ë‹¤,,,/kÉ™ËˆpÉªtjÊŠleÉªt/,,,"From the participle stem of Medieval Latin capitulare (â€œdraw up under headingsâ€), from Latin capitulum (â€œheading, chapter, titleâ€), diminutive of caput (â€œheadâ€).
","If you capitulate, you stop resisting and do what someone else wants you to do.",[VERB],The club eventually capitulated and now grants equal rights to women,[ë™ì‚¬],They were finally forced to capitulate to the terroristsâ€™ demands.
regress,í‡´í–‰[í‡´ë³´/íšŒê·€]í•˜ë‹¤,,,/rÉªËˆÉ¡rÉ›s/,,,"(verb) From Latin regressus, past participle of regredi (â€œto go backâ€), from re- (â€œbackâ€) + gradi (â€œto goâ€).
","When people or things regress, they return to an earlier and less advanced stage of development.",[VERB],if your child regresses to babyish behaviour,[ë™ì‚¬],
impugn,ì˜ë¬¸ì„ ì œê¸°í•˜ë‹¤,,,/ÉªmËˆpjuËn/,,,"Borrowed from Middle French impugner, from Latin impugnÅ, from im- + pugnÅ (â€œfightâ€), from pugnus (â€œfistâ€), as in English pugilism (â€œfighting with fists, boxingâ€); from Proto-Indo-European roots.
","If you impugn something such as someone's motives or integrity, you imply that they are not entirely honest or honourable.",[VERB],The Secretary's letter questions my veracity and impugns my motives,[ë™ì‚¬],
acrimony,ì•…ë‹¤êµ¬ë‹ˆ; ì•…ê°ì •,,,/ËˆakrÉªmÉ™ni/,,,"From Middle French acrimonie, from Latin ÄcrimÅnia (â€œsharpness, pungencyâ€).
",Acrimony is bitter and angry words or quarrels.,[NOUN],The council's first meeting ended in acrimony.,[ëª…ì‚¬],The dispute was settled without acrimony.
cacophony,ë¶ˆí˜‘í™”ìŒ,,,/kÉ™ËˆkÉ’f(É™)ni/,,,"From French cacophonie, from Ancient Greek ÎºÎ±ÎºÎ¿Ï†Ï‰Î½Î¯Î± (kakophÅnÃ­a), from ÎºÎ±ÎºÏŒÏ‚ (kakÃ³s, â€œbadâ€) + Ï†Ï‰Î½Î® (phÅná¸—, â€œsoundâ€).
","You can describe a loud, unpleasant mixture of sounds as a cacophony.",[NOUN],All around was bubbling a cacophony of voices.,[ëª…ì‚¬],
sinecure,í•œì§(ì¼ì´ í•œê°€í•œ ì§ìœ„ë‚˜ ì§ë¬´),,,/ËˆsÊŒÉªnÉªkjÊŠÉ™/,,,"From Latin sine (â€œwithoutâ€) + cÅ«rÄ (â€œcareâ€) in beneficium sine cÅ«rÄ (â€œbenefice without careâ€).
",A sinecure is a job for which you receive payment but which does not involve much work or responsibility.,[NOUN],She found him an exalted sinecure as a Fellow of the Library of Congress.,[ëª…ì‚¬],
paltry,"ë³´ì˜ê²ƒì—†ëŠ”, ì¥ê¼¬ë¦¬ë§Œí•œ",,,/ËˆpÉ”Ëltri/,,,"From Middle Low German paltrig (â€œragged, rubbishy, worthlessâ€), from palter, palte (â€œcloth, rag, shredâ€), from Old Saxon *paltro, *palto (â€œcloth, ragâ€), from Proto-Germanic *paltrÃ´, *paltÃ´ (â€œscrap, rag, patchâ€). Cognate with Low German palterig (â€œragged, tornâ€), dialectal German palterig (â€œpaltryâ€). Compare also Low German palte (â€œragâ€), West Frisian palt (â€œragâ€), Saterland Frisian Palte (â€œstrip; band; tapeâ€), dialectal German Palter (â€œragâ€), Danish pjalt (â€œrag, tatterâ€), Swedish palta (â€œragâ€). See also palterly.
",A paltry amount of money or of something else is one that you consider to be very small.,[ADJ],a paltry fine of ï¿¡150,[í˜•ìš©ì‚¬],This account offers a paltry 1% return on your investment.
elusive,ì°¾ê¸°[ê·œì •í•˜ê¸°/ë‹¬ì„±í•˜ê¸°] í˜ë“ ,,,/ÉªËˆluËsÉªv/,,,"From Latin elusus past participle of eludo (â€œto parry a blow, to deceiveâ€)
","Something or someone that is elusive is difficult to find, describe, remember, or achieve.",[ADJ],In London late-night taxis are elusive and far from cheap.,[í˜•ìš©ì‚¬],"Eric, as elusive as ever, was nowhere to be found."
desultory,"ë‘ì„œì—†ëŠ”, ì¢…ì¡ì„ ìˆ˜ ì—†ëŠ”",,,/ËˆdÉ›s(É™)lt(É™)ri/,,,"From Latin dÄ“sultÅrius (â€œhasty, casual, superficialâ€), from dÄ“sultÅr (â€œa circus rider who jumped from one galloping horse to anotherâ€), from dÄ“siliÅ (â€œjump downâ€), from dÄ“ (â€œdownâ€) + saliÅ (â€œjump, leapâ€).[1]
","Something that is desultory is done in an unplanned and disorganized way, and without enthusiasm.",[ADJ],The constables made a desultory attempt to keep them away from the barn.,[í˜•ìš©ì‚¬],I wandered about in a desultory fashion.
parsimonious,(ëˆì— ì§€ë…íˆ) ì¸ìƒ‰í•œ,,,/ËŒpÉ‘ËsÉªËˆmÉ™ÊŠnÉªÉ™s/,,,"parsimony +â€ -ious
",Someone who is parsimonious is very unwilling to spend money.,[ADJ],Due to official parsimony only the one machine was built.,[í˜•ìš©ì‚¬],
truculent,"ë°˜í•­ì ì¸, ì•½ê°„ ê³µê²©ì ì¸",,,/ËˆtrÊŒkjÊŠl(É™)nt/,,,"First attested circa 1540, from Middle French, from Latin truculentus (â€œfierce, savageâ€), from trux (â€œfierce, wildâ€).
","If you say that someone is truculent, you mean that they are bad-tempered and aggressive.",[ADJ],"'Your secretary said you'd be wanting a cleaner,' she announced with her usual truculence.",[í˜•ìš©ì‚¬],
circumnavigate,(ì„¸ê³„) ì¼ì£¼ë¥¼ í•˜ë‹¤,,,/sÉ™ËkÉ™mËˆnavÉªÉ¡eÉªt/,,,"Borrowed from Latin circumnÄvigÄtus, perfect passive participle of circumnÄvigÅ (â€œsail round something, circumnavigateâ€), from circum (â€œabout, aroundâ€) + nÄvigÅ (â€œsail, navigateâ€), from nÄvis (â€œshipâ€) + agÅ (â€œdoâ€). Surface analysis: circum- +â€ navigate.
","If someone circumnavigates the world or an island, they sail all the way around it.",[VERB],"For this year at least, our race to circumnavigate the globe in less than 80 days is over.",[ë™ì‚¬],
circumvent,(ì–´ë ¤ì›€ì´ë‚˜ ë²• ë“±ì„) í”¼í•˜ë‹¤[ë©´í•˜ë‹¤],,,/sÉ™ËkÉ™mËˆvÉ›nt/,,,"Latin circum (â€œaboutâ€) + venire (â€œto comeâ€)
","If someone circumvents a rule or restriction, they avoid having to obey the rule or restriction, in a clever and perhaps dishonest way.",[VERB],Military planners tried to circumvent the treaty.,[ë™ì‚¬],They found a way of circumventing the law.
postulate,(ì´ë¡  ë“±ì˜ ê·¼ê±°ë¡œ ì‚¼ê¸° ìœ„í•´ ë¬´ì—‡ì´ ì‚¬ì‹¤ì´ë¼ê³ ) ìƒì •í•˜ë‹¤,,,/ËˆpÉ’stjÊŠleÉªt/,,,"From Medieval Latin  postulÄt- (â€œaskedâ€), from the verb postulÄre (â€œto askâ€), from Latin postulÅ (â€œrequestâ€).
","If you postulate something, you suggest it as the basis for a theory, argument, or calculation, or assume that it is the basis.",[VERB],arguments postulating differing standards for human rights in different cultures,[ë™ì‚¬],[VN] They postulated a 500-year lifespan for a plastic container.
embryonic,ì´ˆê¸°ì˜,,,/ËŒÉ›mbrÉªËˆÉ’nÉªk/,,,,"An embryonic process, idea, organization, or organism is one at a very early stage in its development.",[ADJ],Romania's embryonic democracy.,[í˜•ìš©ì‚¬],"The plan, as yet, only exists in embryonic form."
pestilential,ì§€ë…íˆ ì„±ê°€ì‹ ,,,/ËŒpÉ›stÉªËˆlÉ›nÊƒ(É™)l/,,,,Pestilential is used to refer to things that cause disease or are caused by disease.,[ADJ],people who were dependent for their water supply on this pestilential stream.,[í˜•ìš©ì‚¬],
annex,(êµ­ê°€Â·ì§€ì—­ ë“±ì„ íŠ¹íˆ ë¬´ë ¥ìœ¼ë¡œ) í•©ë³‘í•˜ë‹¤,,,/É™ËˆnÉ›ks/,,,"From Latin annexus.
","If a country annexes another country or an area of land, it seizes it and takes control of it.",[VERB],Rome annexed the Nabatean kingdom in 106 AD,[ë™ì‚¬],Germany annexed Austria in 1938.
enmity,"ì›í•œ, ì¦ì˜¤, ì ëŒ€ê°",,,/ËˆÉ›nmÉªti/,,,"From Old French enemistÃ©, ennemistiÃ©, from Late Latin, Vulgar Latin *inimÄ«citÄs, *inimÄ«citÄtem, from Latin inimÄ«cus (â€œenemyâ€); cognates: French inimitiÃ©, Portuguese inimizade, Spanish enemistad.[1]
",Enmity is a feeling of hatred towards someone that lasts for a long time.,[NOUN],I think there is an historic enmity between them,[ëª…ì‚¬],the traditional problem of the enmity between Protestants and Catholics
approbation,"ìŠ¹ì¸, ì°¬ì„±",,,/ËŒaprÉ™ËˆbeÉªÊƒ(É™)n/,,,"Late Middle English approbacioun, from Old French approbacion (French approbation), from Latin approbatio, from approbare (â€œto assent to as good, approve, also show to be good, confirmâ€), from ad (â€œtoâ€) + probare (â€œapprove, commendâ€), from probus (â€œgoodâ€).
",Approbation is approval of something or agreement to it.,[NOUN],,[ëª…ì‚¬],He said to the merchant that he would purchase the product on approbation.
largess,"ì•„ë‚Œì—†ì´ ì¤Œ; (ì•„ë‚Œì—†ì´ ì£¼ì–´ì§„) ì„ ë¬¼, ì¶•ì˜(ç¥å„€).",,,,,,"French largesse, Old French largesce
",[Noun] (obsolete) The bestowment of a largess or gift.,,grateful recipients of their largesse.,[ëª…ì‚¬],She is not noted for her largesse.
abide,"ì°¸ë‹¤, ê²¬ë””ë‹¤",,,/É™ËˆbÊŒÉªd/,,,"From Middle English abiden, from Old English ÄbÄ«dan (â€œto abide, wait, remain, delay, remain behind; survive; wait for, await; expectâ€), from Proto-Germanic *uzbÄ«danÄ… (â€œto expect, tolerateâ€), equivalent to a- +â€ bide. Cognate with Scots abyde (â€œto abide, remainâ€), Middle High German erbÄ«ten (â€œto await, expectâ€), Gothic ğŒ¿ğƒğŒ±ğŒ´ğŒ¹ğŒ³ğŒ°ğŒ½ (usbeidan, â€œto expect, await, have patienceâ€). The sense of pay for is due to influence from aby.[1]
","If you can't abide someone or something, you dislike them very much.â†’ see also abidingâ†’ see also law-abiding",[PHRASE],I can't abide people who can't make up their minds,[ë™ì‚¬],I canâ€™t abide people with no sense of humour.
repudiate,"ê±°ë¶€í•˜ë‹¤, ë¬¼ë¦¬ì¹˜ë‹¤",,,/rÉªËˆpjuËdÉªeÉªt/,,,"From Latin repudiÄtus, from repudiÅ (â€œI cast off, rejectâ€), from repudium (â€œdivorceâ€), 1540s.[1]
","If you repudiate something or someone, you show that you strongly disagree with them and do not want to be connected with them in any way.",[VERB],Leaders urged people to turn out in large numbers to repudiate the violence,[ë™ì‚¬],to repudiate a suggestion
orator,"ì—°ì„¤ê°€, ì›…ë³€ê°€",,,/ËˆÉ’rÉ™tÉ™/,,,"From Anglo-Norman oratour, from Latin orator.
","An orator is someone who is skilled at making formal speeches, especially ones which affect people's feelings and beliefs.",[NOUN],Lenin was the great orator of the Russian Revolution.,[ëª…ì‚¬],a fine political orator
miscreant,"ì•…í•œ, ë²”ë²•ì",,,/ËˆmÉªskrÉªÉ™nt/,,,"From Old French mescreant (1080) ""mis-believer"", present participle of mescreire ""to misbelieve"" (modern mÃ©croire).
",A miscreant is someone who has done something illegal or behaved badly.,[NOUN],Local people demanded that the District Magistrate apprehend the miscreants.,[ëª…ì‚¬],
interloper,ì¹¨ì…ì,,,/ËˆÉªntÉ™lÉ™ÊŠpÉ™/,,,"1590s, from inter- +â€ loper (â€œrunner, roverâ€), as in landloper (â€œvagrantâ€) (from lope (â€œto leap, to jumpâ€) (originally dialectal). Originally spelt enterloper and used in specific sense â€œunauthorized trader trespassing on privileges of chartered companiesâ€, later general sense of â€œself-interested intruderâ€ from 1630s.[1]
","If you describe someone as an interloper, you mean that they have come into a situation or a place where they are not wanted or do not belong.",[NOUN],She had no wish to share her father with any outsider and regarded us as interlopers.,[ëª…ì‚¬],
despair,ì ˆë§,,,/dÉªËˆspÉ›Ë/,,,"Borrowed from Anglo-Norman despeir, from Old French desperer (from Latin despero, desperare), or desesperer, from des- (â€œdis-â€) + esperer (â€œhopeâ€). See also desperate
",Despair is the feeling that everything is wrong and that nothing will improve.,[NOUN],I looked at my wife in despair,[ëª…ì‚¬],She uttered a cry of despair.
duress,"í˜‘ë°•, ì••ë ¥",,,/djÊŠ(É™)ËˆrÉ›s/,,,"Borrowed from Old French duresse, from Latin duritia (â€œhardnessâ€), from durus (â€œhardâ€).
",To do something under duress means to do it because someone forces you to do it or threatens you.,[NOUN],He thought her confession had been made under duress.,[ëª…ì‚¬],He signed the confession under duress.
ebullience,"[U] [ë¬¸ì–´] ë¹„ë“±(æ²¸é¨°); (ê°ì • ë“±ì˜) ê²©ë°œ, ê²©ì •ì˜ ë°œë¡œ",,,/ÉªËˆbÊŠlÉªÉ™ns/,,,"Borrowed from Latin Ä“bulliÄ“ns, present participle of Ä“bulliÅ (â€œI boilâ€) + English suffix -ence.
",,[NOUN],His natural ebullience began to return.,[ëª…ì‚¬],The Prime Minister was in ebullient mood.
inscrutable,(ì‚¬ëŒÂ·í‘œì •ì´) ë¶ˆê°€í•´í•œ[í—¤ì•„ë¦¬ê¸° ì–´ë ¤ìš´],,,/ÉªnËˆskruËtÉ™b(É™)l/,,,"From the Latin inscrutabilis, from in- (â€œnotâ€) + scrutare (â€œto examineâ€), corresponding to in- +â€ scrutable
","If a person or their expression is inscrutable, it is very hard to know what they are really thinking or what they mean.",[ADJ],In public he remained inscrutable.,[í˜•ìš©ì‚¬],
draconian,"ë§¤ìš° ì—„ê²©í•œ, ê°€í˜¹í•œ",,,/drÉ™ËˆkÉ™ÊŠnÉªÉ™n/,,,,Draconian laws or measures are extremely harsh and severe.,[ADJ],draconian measures to lower US healthcare costs.,[í˜•ìš©ì‚¬],
insipid,ë§›[í’ë¯¸]ì´ ì—†ëŠ”,,,/ÉªnËˆsÉªpÉªd/,,,"From French insipide, from Latin Ä«nsipidus (â€œtastelessâ€), from in- (â€œnotâ€) + sapidus (â€œsavoryâ€). In some senses, perhaps influenced by insipient (â€œunwise, foolish, stupidâ€).
","If you describe food or drink as insipid, you dislike it because it has very little taste.",[ADJ],"It tasted indescribably bland and insipid, like warmed cardboard.",[í˜•ìš©ì‚¬],a cup of insipid coffee
prolocutor,"ì˜ì¥, ì‚¬íšŒì",,,/ËˆprÉ™ÊŠlÉ™ËŒkjuËtÉ™/,,,"Latin pro (â€œbeforeâ€) + locÅ«tus (â€œhaving spokenâ€)
","a chairman, esp of the lower house of clergy in a convocation of the Anglican Church",[NOUN],,[ëª…ì‚¬],
despot,í­êµ°,,,/ËˆdÉ›spÉ’t/,,,"From Middle French despote, from Old French despote, from Medieval Latin despota, from Ancient Greek Î´ÎµÏƒÏ€ÏŒÏ„Î·Ï‚ (despÃ³tÄ“s, â€œlord, master, ownerâ€), from the Proto-Indo-European phrase *dÃ©ms pÃ³tis (â€œmaster of the houseâ€).[1] Cognate with Sanskrit à¤¦à¤®à¥à¤ªà¤¤à¤¿ (dÃ¡mpati).
",A despot is a ruler or other person who has a lot of power and who uses it unfairly or cruelly.,[NOUN],,[ëª…ì‚¬],an enlightened despot
figurehead,ëª…ëª©ìƒì˜ ìµœê³ ìœ„ì,,,/ËˆfÉªÉ¡É™hÉ›d/,,,"figure +â€ head
","If someone is the figurehead of an organization or movement, they are recognized as being its leader, although they have little real power.",[NOUN],The President will be little more than a figurehead.,[ëª…ì‚¬],
cognizant,"[P] ì¸ì‹í•˜ê³  ìˆëŠ”, ì•Œê³  ìˆëŠ” ((of)); ì¬íŒ ê´€í• ê¶Œì´ ìˆëŠ”",,,/ËˆkÉ’(É¡)nÉªz(É™)nt/,,,"cognizance +â€ -ant, or from Old French conoissant, present participle of conoistre (â€œknowâ€), under the influence of its Latin etymon cognÅscentem, accusative singular present participle of cÅgnÅscÅ (â€œlearn, be acquainted withâ€).
","If someone is cognizant of something, they are aware of it or understand it.",[ADJ],We are cognizant of the problem.,[í˜•ìš©ì‚¬],
conciliatory,"ë‹¬ë˜ëŠ”, íšŒìœ í•˜ê¸° ìœ„í•œ",,,/kÉ™nËˆsÉªlÉªÉ™tÉ™ri/,,,,"When you are conciliatory in your actions or behaviour, you show that you are willing to end a disagreement with someone.",[ADJ],The President's speech was hailed as a conciliatory gesture toward business.,[í˜•ìš©ì‚¬],a conciliatory approach/attitude/gesture/move
cantankerous,"ì„±ë¯¸ê°€ ê³ ì•½í•œ, ë¶ˆí‰ì„ ë‹¬ê³  ì‚¬ëŠ”",,,/kanËˆtaÅ‹k(É™)rÉ™s/,,,"Perhaps derived from earlier contenkerous, from contentious + rancorous.
",Someone who is cantankerous is always finding things to argue or complain about.,[ADJ],a cantankerous old man.,[í˜•ìš©ì‚¬],a cantankerous old man
contentious,ë…¼ìŸì„ ì´ˆë˜í•  (ë“¯í•œ),,,/kÉ™nËˆtÉ›nÊƒÉ™s/,,,"From Middle French contentieux, from Latin contentiÅsus (â€œquarrelsome, perverseâ€), from contentiÅ (â€œcontentionâ€), from contendere, past participle contentus (â€œto contendâ€); see contend.
",A contentious issue causes a lot of disagreement or arguments.,[ADJ],Sanctions are expected to be among the most contentious issues.,[í˜•ìš©ì‚¬],a contentious issue/topic/subject
ignoble,"ë¹„ì—´í•œ, ì•¼ë¹„í•œ",,,/ÉªÉ¡ËˆnÉ™ÊŠb(É™)l/,,,"Borrowed from Middle French ignoble, from Latin ignÅbilis, from in- (â€œnotâ€) + gnÅbilis, later nÅbilis (â€œnobleâ€).
","If you describe something as ignoble, you mean that it is bad and something to be ashamed of.",[ADJ],ignoble thoughts.,[í˜•ìš©ì‚¬],ignoble thoughts
precarious,ë¶ˆì•ˆì •í•œ; ìœ„íƒœë¡œìš´,,,/prÉªËˆkÉ›ËrÉªÉ™s/,,,,"If your situation is precarious, you are not in complete control of events and might fail in what you are doing at any moment.",[ADJ],Our financial situation had become precarious.,[í˜•ìš©ì‚¬],He earned a precarious living as an artist.
facetious,"ê²½ë°•í•œ, ê¹Œë¶€ëŠ”",,,/fÉ™ËˆsiËÊƒÉ™s/,,,"From French facÃ©tieux, from Latin facÄ“tia (â€œjest, wit, humorâ€), from facÄ“tus (â€œwitty, jocose, facetiousâ€).
","If you say that someone is being facetious, you are criticizing them because they are making humorous remarks or saying things that they do not mean in a situation where they ought to be serious.",[ADJ],"The woman eyed him coldly. 'Don't be facetious,' she said.",[í˜•ìš©ì‚¬],a facetious comment/remark
adversary,(ì–¸ìŸÂ·ì „íˆ¬ì—ì„œ) ìƒëŒ€ë°©[ì ìˆ˜],,,/ËˆadvÉ™s(É™)ri/,,,"Anglo-Norman aversaire (in Wace's Life of Saint Margaret), from Old French aversier, aversaire (French adversaire), from Latin adversÄrius, from adversus (â€œturned towardâ€).
","Your adversary is someone you are competing with, or arguing or fighting against.",[NOUN],His political adversaries were creating a certain amount of trouble for him.,[ëª…ì‚¬],
discretionary,ììœ ì¬ëŸ‰ì— ì˜í•œ,,,/dÉªËˆskrÉ›Êƒ(É™)n(É™)ri/,,,"discretion +â€ -ary (â€œpertaining toâ€). Compare French discrÃ©tionnaire.
","Discretionary things are not fixed by rules but are decided on by people in authority, who consider each individual case.",[ADJ],Magistrates were given wider discretionary powers,[í˜•ìš©ì‚¬],You may be eligible for a discretionary grant for your university course.
injudicious,ì§€í˜œë¡­ì§€ ëª»í•œ; (ìƒí™©ì—) ë¶€ì ì ˆí•œ,,,/ÉªndÊ’ÊŠËˆdÉªÊƒÉ™s/,,,"in- +â€ judicious
","If you describe a person or something that they have done as injudicious, you are critical of them because they have shown very poor judgment.",[ADJ],He blamed injudicious comments by bankers for last week's devaluation.,[í˜•ìš©ì‚¬],an injudicious remark
sacrosanct,ì‹ ì„±ë¶ˆê°€ì¹¨ì˜,,,/ËˆsakrÉ™(ÊŠ)saÅ‹(k)t/,,,"Borrowed from Latin sacrosanctus.
","If you describe something as sacrosanct, you consider it to be special and are unwilling to see it criticized or changed.",[ADJ],Freedom of the press is sacrosanct.,[í˜•ìš©ì‚¬],"Iâ€™ll work till late in the evening, but my weekends are sacrosanct."
negate,"ë¬´íš¨í™”í•˜ë‹¤, íš¨ë ¥ì´ ì—†ê²Œ ë§Œë“¤ë‹¤",,,/nÉªËˆÉ¡eÉªt/,,,"Borrowed from Latin negÄtus, past participle of negÄre (â€œto deny, refuse, declineâ€), reduced from *nec-aiare (or a similar form), from nec (â€œnot, norâ€) + aiere (â€œto sayâ€).
","If one thing negates another, it causes that other thing to lose the effect or value that it had.",[VERB],These weaknesses negated his otherwise progressive attitude towards the staff.,[ë™ì‚¬],Alcohol negates the effects of the drug.
mercenary,ìš©ë³‘,,,/ËˆmÉ™ËsÉªn(É™)ri/,,,"Borrowed from Latin mercÄ“nÄrius (â€œhired for moneyâ€), from mercÄ“s (â€œreward, wages, priceâ€).
",A mercenary is a soldier who is paid to fight by a country or group that they do not belong to.,[NOUN],,[ëª…ì‚¬],foreign mercenaries
intermittent,"ê°„í—ì ì¸, ê°„ê°„ì´ ì¼ì–´ë‚˜ëŠ”",,,/ÉªntÉ™ËˆmÉªt(É™)nt/,,,"From Middle French intermittent, from Latin intermittens (â€œsending betweenâ€), from prefix inter- (â€œamong, onâ€), plus present participle mittens (â€œsendingâ€), from mittere (â€œto sendâ€).
",Something that is intermittent happens occasionally rather than continuously.,[ADJ],"After three hours of intermittent rain, the game was abandoned.",[í˜•ìš©ì‚¬],intermittent bursts of applause
demeanor,"[U] ì²˜ì‹ , ê±°ë™, í–‰ì‹¤, í’ˆí–‰(conduct); íƒœë„, ëª¸ê°€ì§; í‘œì •",,,/dÉ™ËˆmÄ“nÉ™r/,,,"From Middle English demenen, demeinen, from Anglo-Norman demener, from Old French demener, from de- + mener (â€œto conduct, leadâ€) + -or, from Latin *minÄre (â€œto driveâ€) and Latin minÄrÄ« (â€œto project or jut forthâ€).
","Your demeanour is the way you behave, which gives people an impression of your character and feelings.",[NOUN],her calm and cheerful demeanour.,[ëª…ì‚¬],a kind and gentle demeanor
eloquent,"ì›…ë³€[ì—°ì„¤]ì„ ì˜ í•˜ëŠ”, ìœ ì°½í•œ",,,/ËˆÉ›lÉ™kwÉ™nt/,,,"From Old French eloquent, from Latin eloquens (â€œspeaking, having the faculty of speech, eloquentâ€), present participle of eloqui (â€œto speak outâ€), from e (â€œoutâ€) + loqui (â€œto speakâ€).
",Speech or writing that is eloquent is well expressed and effective in persuading people.,[ADJ],I heard him make a very eloquent speech at that dinner.,[í˜•ìš©ì‚¬],an eloquent speech/speaker
articulate,(ìƒê°ê°ì •ì„) ë¶„ëª…íˆ í‘œí˜„í•˜ë‹¤[ì„¤ëª…í•˜ë‹¤],,,/É‘ËËˆtÉªkjÊŠlÉ™t/,,,,"If you describe someone as articulate, you mean that they are able to express their thoughts and ideas easily and well.",[ADJ],She is an articulate young woman,[ë™ì‚¬],She struggled to articulate her thoughts.
esteem,(ëŒ€ë‹¨í•œ) ì¡´ê²½,,,/ÉªËˆstiËm/,,,"First at end of 16th century; borrowed from Middle French estimer, from Latin aestimÅ (â€œto value, rate, weigh, estimateâ€); see estimate and aim, an older word, partly a doublet of esteem.
",Esteem is the admiration and respect that you feel towards another person.,[NOUN],He is held in high esteem by colleagues in the construction industry,[ëª…ì‚¬],She is held in high esteem by her colleagues.
